parent_code,name,code
1101,东城区,110101
1101,西城区,110102
1101,朝阳区,110105
1101,丰台区,110106
1101,石景山区,110107
1101,海淀区,110108
1101,门头沟区,110109
1101,房山区,110111
1101,通州区,110112
1101,顺义区,110113
1101,昌平区,110114
1101,大兴区,110115
1101,怀柔区,110116
1101,平谷区,110117
1101,密云区,110118
1101,延庆区,110119
1301,长安区,130102
1301,桥西区,130104
1301,新华区,130105
1301,井陉矿区,130107
1301,裕华区,130108
1301,藁城区,130109
1301,鹿泉区,130110
1301,栾城区,130111
1301,井陉县,130121
1301,正定县,130123
1301,行唐县,130125
1301,灵寿县,130126
1301,高邑县,130127
1301,深泽县,130128
1301,赞皇县,130129
1301,无极县,130130
1301,平山县,130131
1301,元氏县,130132
1301,赵县,130133
1301,石家庄高新技术产业开发区,130171
1301,石家庄循环化工园区,130172
1301,辛集市,130181
1301,晋州市,130183
1301,新乐市,130184
1302,路南区,130202
1302,路北区,130203
1302,古冶区,130204
1302,开平区,130205
1302,丰南区,130207
1302,丰润区,130208
1302,曹妃甸区,130209
1302,滦县,130223
1302,滦南县,130224
1302,乐亭县,130225
1302,迁西县,130227
1302,玉田县,130229
1302,唐山市芦台经济技术开发区,130271
1302,唐山市汉沽管理区,130272
1302,唐山高新技术产业开发区,130273
1302,河北唐山海港经济开发区,130274
1302,遵化市,130281
1302,迁安市,130283
1303,海港区,130302
1303,山海关区,130303
1303,北戴河区,130304
1303,抚宁区,130306
1303,青龙满族自治县,130321
1303,昌黎县,130322
1303,卢龙县,130324
1303,秦皇岛市经济技术开发区,130371
1303,北戴河新区,130372
1304,邯山区,130402
1304,丛台区,130403
1304,复兴区,130404
1304,峰峰矿区,130406
1304,肥乡区,130407
1304,永年区,130408
1304,临漳县,130423
1304,成安县,130424
1304,大名县,130425
1304,涉县,130426
1304,磁县,130427
1304,邱县,130430
1304,鸡泽县,130431
1304,广平县,130432
1304,馆陶县,130433
1304,魏县,130434
1304,曲周县,130435
1304,邯郸经济技术开发区,130471
1304,邯郸冀南新区,130473
1304,武安市,130481
1305,桥东区,130502
1305,桥西区,130503
1305,邢台县,130521
1305,临城县,130522
1305,内丘县,130523
1305,柏乡县,130524
1305,隆尧县,130525
1305,任县,130526
1305,南和县,130527
1305,宁晋县,130528
1305,巨鹿县,130529
1305,新河县,130530
1305,广宗县,130531
1305,平乡县,130532
1305,威县,130533
1305,清河县,130534
1305,临西县,130535
1305,河北邢台经济开发区,130571
1305,南宫市,130581
1305,沙河市,130582
1306,竞秀区,130602
1306,莲池区,130606
1306,满城区,130607
1306,清苑区,130608
1306,徐水区,130609
1306,涞水县,130623
1306,阜平县,130624
1306,定兴县,130626
1306,唐县,130627
1306,高阳县,130628
1306,容城县,130629
1306,涞源县,130630
1306,望都县,130631
1306,安新县,130632
1306,易县,130633
1306,曲阳县,130634
1306,蠡县,130635
1306,顺平县,130636
1306,博野县,130637
1306,雄县,130638
1306,保定高新技术产业开发区,130671
1306,保定白沟新城,130672
1306,涿州市,130681
1306,定州市,130682
1306,安国市,130683
1306,高碑店市,130684
1307,桥东区,130702
1307,桥西区,130703
1307,宣化区,130705
1307,下花园区,130706
1307,万全区,130708
1307,崇礼区,130709
1307,张北县,130722
1307,康保县,130723
1307,沽源县,130724
1307,尚义县,130725
1307,蔚县,130726
1307,阳原县,130727
1307,怀安县,130728
1307,怀来县,130730
1307,涿鹿县,130731
1307,赤城县,130732
1307,张家口市高新技术产业开发区,130771
1307,张家口市察北管理区,130772
1307,张家口市塞北管理区,130773
1308,双桥区,130802
1308,双滦区,130803
1308,鹰手营子矿区,130804
1308,承德县,130821
1308,兴隆县,130822
1308,滦平县,130824
1308,隆化县,130825
1308,丰宁满族自治县,130826
1308,宽城满族自治县,130827
1308,围场满族蒙古族自治县,130828
1308,承德高新技术产业开发区,130871
1308,平泉市,130881
1309,新华区,130902
1309,运河区,130903
1309,沧县,130921
1309,青县,130922
1309,东光县,130923
1309,海兴县,130924
1309,盐山县,130925
1309,肃宁县,130926
1309,南皮县,130927
1309,吴桥县,130928
1309,献县,130929
1309,孟村回族自治县,130930
1309,河北沧州经济开发区,130971
1309,沧州高新技术产业开发区,130972
1309,沧州渤海新区,130973
1309,泊头市,130981
1309,任丘市,130982
1309,黄骅市,130983
1309,河间市,130984
1310,安次区,131002
1310,广阳区,131003
1310,固安县,131022
1310,永清县,131023
1310,香河县,131024
1310,大城县,131025
1310,文安县,131026
1310,大厂回族自治县,131028
1310,廊坊经济技术开发区,131071
1310,霸州市,131081
1310,三河市,131082
1311,桃城区,131102
1311,冀州区,131103
1311,枣强县,131121
1311,武邑县,131122
1311,武强县,131123
1311,饶阳县,131124
1311,安平县,131125
1311,故城县,131126
1311,景县,131127
1311,阜城县,131128
1311,河北衡水经济开发区,131171
1311,衡水滨湖新区,131172
1311,深州市,131182
1501,新城区,150102
1501,回民区,150103
1501,玉泉区,150104
1501,赛罕区,150105
1501,土默特左旗,150121
1501,托克托县,150122
1501,和林格尔县,150123
1501,清水河县,150124
1501,武川县,150125
1501,呼和浩特金海工业园区,150171
1501,呼和浩特经济技术开发区,150172
1502,东河区,150202
1502,昆都仑区,150203
1502,青山区,150204
1502,石拐区,150205
1502,白云鄂博矿区,150206
1502,九原区,150207
1502,土默特右旗,150221
1502,固阳县,150222
1502,达尔罕茂明安联合旗,150223
1502,包头稀土高新技术产业开发区,150271
1503,海勃湾区,150302
1503,海南区,150303
1503,乌达区,150304
1504,红山区,150402
1504,元宝山区,150403
1504,松山区,150404
1504,阿鲁科尔沁旗,150421
1504,巴林左旗,150422
1504,巴林右旗,150423
1504,林西县,150424
1504,克什克腾旗,150425
1504,翁牛特旗,150426
1504,喀喇沁旗,150428
1504,宁城县,150429
1504,敖汉旗,150430
1505,科尔沁区,150502
1505,科尔沁左翼中旗,150521
1505,科尔沁左翼后旗,150522
1505,开鲁县,150523
1505,库伦旗,150524
1505,奈曼旗,150525
1505,扎鲁特旗,150526
1505,通辽经济技术开发区,150571
1505,霍林郭勒市,150581
1506,东胜区,150602
1506,康巴什区,150603
1506,达拉特旗,150621
1506,准格尔旗,150622
1506,鄂托克前旗,150623
1506,鄂托克旗,150624
1506,杭锦旗,150625
1506,乌审旗,150626
1506,伊金霍洛旗,150627
1507,海拉尔区,150702
1507,扎赉诺尔区,150703
1507,阿荣旗,150721
1507,莫力达瓦达斡尔族自治旗,150722
1507,鄂伦春自治旗,150723
1507,鄂温克族自治旗,150724
1507,陈巴尔虎旗,150725
1507,新巴尔虎左旗,150726
1507,新巴尔虎右旗,150727
1507,满洲里市,150781
1507,牙克石市,150782
1507,扎兰屯市,150783
1507,额尔古纳市,150784
1507,根河市,150785
1508,临河区,150802
1508,五原县,150821
1508,磴口县,150822
1508,乌拉特前旗,150823
1508,乌拉特中旗,150824
1508,乌拉特后旗,150825
1508,杭锦后旗,150826
1509,集宁区,150902
1509,卓资县,150921
1509,化德县,150922
1509,商都县,150923
1509,兴和县,150924
1509,凉城县,150925
1509,察哈尔右翼前旗,150926
1509,察哈尔右翼中旗,150927
1509,察哈尔右翼后旗,150928
1509,四子王旗,150929
1509,丰镇市,150981
1522,乌兰浩特市,152201
1522,阿尔山市,152202
1522,科尔沁右翼前旗,152221
1522,科尔沁右翼中旗,152222
1522,扎赉特旗,152223
1522,突泉县,152224
1525,二连浩特市,152501
1525,锡林浩特市,152502
1525,阿巴嘎旗,152522
1525,苏尼特左旗,152523
1525,苏尼特右旗,152524
1525,东乌珠穆沁旗,152525
1525,西乌珠穆沁旗,152526
1525,太仆寺旗,152527
1525,镶黄旗,152528
1525,正镶白旗,152529
1525,正蓝旗,152530
1525,多伦县,152531
1525,乌拉盖管委会,152571
1529,阿拉善左旗,152921
1529,阿拉善右旗,152922
1529,额济纳旗,152923
1529,内蒙古阿拉善经济开发区,152971
2201,南关区,220102
2201,宽城区,220103
2201,朝阳区,220104
2201,二道区,220105
2201,绿园区,220106
2201,双阳区,220112
2201,九台区,220113
2201,农安县,220122
2201,长春经济技术开发区,220171
2201,长春净月高新技术产业开发区,220172
2201,长春高新技术产业开发区,220173
2201,长春汽车经济技术开发区,220174
2201,榆树市,220182
2201,德惠市,220183
2202,昌邑区,220202
2202,龙潭区,220203
2202,船营区,220204
2202,丰满区,220211
2202,永吉县,220221
2202,吉林经济开发区,220271
2202,吉林高新技术产业开发区,220272
2202,吉林中国新加坡食品区,220273
2202,蛟河市,220281
2202,桦甸市,220282
2202,舒兰市,220283
2202,磐石市,220284
2203,铁西区,220302
2203,铁东区,220303
2203,梨树县,220322
2203,伊通满族自治县,220323
2203,公主岭市,220381
2203,双辽市,220382
2204,龙山区,220402
2204,西安区,220403
2204,东丰县,220421
2204,东辽县,220422
2205,东昌区,220502
2205,二道江区,220503
2205,通化县,220521
2205,辉南县,220523
2205,柳河县,220524
2205,梅河口市,220581
2205,集安市,220582
2206,浑江区,220602
2206,江源区,220605
2206,抚松县,220621
2206,靖宇县,220622
2206,长白朝鲜族自治县,220623
2206,临江市,220681
2207,宁江区,220702
2207,前郭尔罗斯蒙古族自治县,220721
2207,长岭县,220722
2207,乾安县,220723
2207,吉林松原经济开发区,220771
2207,扶余市,220781
2208,洮北区,220802
2208,镇赉县,220821
2208,通榆县,220822
2208,吉林白城经济开发区,220871
2208,洮南市,220881
2208,大安市,220882
2224,延吉市,222401
2224,图们市,222402
2224,敦化市,222403
2224,珲春市,222404
2224,龙井市,222405
2224,和龙市,222406
2224,汪清县,222424
2224,安图县,222426
3101,黄浦区,310101
3101,徐汇区,310104
3101,长宁区,310105
3101,静安区,310106
3101,普陀区,310107
3101,虹口区,310109
3101,杨浦区,310110
3101,闵行区,310112
3101,宝山区,310113
3101,嘉定区,310114
3101,浦东新区,310115
3101,金山区,310116
3101,松江区,310117
3101,青浦区,310118
3101,奉贤区,310120
3101,崇明区,310151
3301,上城区,330102
3301,下城区,330103
3301,江干区,330104
3301,拱墅区,330105
3301,西湖区,330106
3301,滨江区,330108
3301,萧山区,330109
3301,余杭区,330110
3301,富阳区,330111
3301,临安区,330112
3301,桐庐县,330122
3301,淳安县,330127
3301,建德市,330182
3302,海曙区,330203
3302,江北区,330205
3302,北仑区,330206
3302,镇海区,330211
3302,鄞州区,330212
3302,奉化区,330213
3302,象山县,330225
3302,宁海县,330226
3302,余姚市,330281
3302,慈溪市,330282
3303,鹿城区,330302
3303,龙湾区,330303
3303,瓯海区,330304
3303,洞头区,330305
3303,永嘉县,330324
3303,平阳县,330326
3303,苍南县,330327
3303,文成县,330328
3303,泰顺县,330329
3303,温州经济技术开发区,330371
3303,瑞安市,330381
3303,乐清市,330382
3304,南湖区,330402
3304,秀洲区,330411
3304,嘉善县,330421
3304,海盐县,330424
3304,海宁市,330481
3304,平湖市,330482
3304,桐乡市,330483
3305,吴兴区,330502
3305,南浔区,330503
3305,德清县,330521
3305,长兴县,330522
3305,安吉县,330523
3306,越城区,330602
3306,柯桥区,330603
3306,上虞区,330604
3306,新昌县,330624
3306,诸暨市,330681
3306,嵊州市,330683
3307,婺城区,330702
3307,金东区,330703
3307,武义县,330723
3307,浦江县,330726
3307,磐安县,330727
3307,兰溪市,330781
3307,义乌市,330782
3307,东阳市,330783
3307,永康市,330784
3308,柯城区,330802
3308,衢江区,330803
3308,常山县,330822
3308,开化县,330824
3308,龙游县,330825
3308,江山市,330881
3309,定海区,330902
3309,普陀区,330903
3309,岱山县,330921
3309,嵊泗县,330922
3310,椒江区,331002
3310,黄岩区,331003
3310,路桥区,331004
3310,三门县,331022
3310,天台县,331023
3310,仙居县,331024
3310,温岭市,331081
3310,临海市,331082
3310,玉环市,331083
3311,莲都区,331102
3311,青田县,331121
3311,缙云县,331122
3311,遂昌县,331123
3311,松阳县,331124
3311,云和县,331125
3311,庆元县,331126
3311,景宁畲族自治县,331127
3311,龙泉市,331181
3501,鼓楼区,350102
3501,台江区,350103
3501,仓山区,350104
3501,马尾区,350105
3501,晋安区,350111
3501,闽侯县,350121
3501,连江县,350122
3501,罗源县,350123
3501,闽清县,350124
3501,永泰县,350125
3501,平潭县,350128
3501,福清市,350181
3501,长乐市,350182
3502,思明区,350203
3502,海沧区,350205
3502,湖里区,350206
3502,集美区,350211
3502,同安区,350212
3502,翔安区,350213
3503,城厢区,350302
3503,涵江区,350303
3503,荔城区,350304
3503,秀屿区,350305
3503,仙游县,350322
3504,梅列区,350402
3504,三元区,350403
3504,明溪县,350421
3504,清流县,350423
3504,宁化县,350424
3504,大田县,350425
3504,尤溪县,350426
3504,沙县,350427
3504,将乐县,350428
3504,泰宁县,350429
3504,建宁县,350430
3504,永安市,350481
3505,鲤城区,350502
3505,丰泽区,350503
3505,洛江区,350504
3505,泉港区,350505
3505,惠安县,350521
3505,安溪县,350524
3505,永春县,350525
3505,德化县,350526
3505,石狮市,350581
3505,晋江市,350582
3505,南安市,350583
3506,芗城区,350602
3506,龙文区,350603
3506,云霄县,350622
3506,漳浦县,350623
3506,诏安县,350624
3506,长泰县,350625
3506,东山县,350626
3506,南靖县,350627
3506,平和县,350628
3506,华安县,350629
3506,龙海市,350681
3507,延平区,350702
3507,建阳区,350703
3507,顺昌县,350721
3507,浦城县,350722
3507,光泽县,350723
3507,松溪县,350724
3507,政和县,350725
3507,邵武市,350781
3507,武夷山市,350782
3507,建瓯市,350783
3508,新罗区,350802
3508,永定区,350803
3508,长汀县,350821
3508,上杭县,350823
3508,武平县,350824
3508,连城县,350825
3508,漳平市,350881
3509,蕉城区,350902
3509,霞浦县,350921
3509,古田县,350922
3509,屏南县,350923
3509,寿宁县,350924
3509,周宁县,350925
3509,柘荣县,350926
3509,福安市,350981
3509,福鼎市,350982
3701,历下区,370102
3701,市中区,370103
3701,槐荫区,370104
3701,天桥区,370105
3701,历城区,370112
3701,长清区,370113
3701,章丘区,370114
3701,平阴县,370124
3701,济阳县,370125
3701,商河县,370126
3701,济南高新技术产业开发区,370171
3702,市南区,370202
3702,市北区,370203
3702,黄岛区,370211
3702,崂山区,370212
3702,李沧区,370213
3702,城阳区,370214
3702,即墨区,370215
3702,青岛高新技术产业开发区,370271
3702,胶州市,370281
3702,平度市,370283
3702,莱西市,370285
3703,淄川区,370302
3703,张店区,370303
3703,博山区,370304
3703,临淄区,370305
3703,周村区,370306
3703,桓台县,370321
3703,高青县,370322
3703,沂源县,370323
3704,市中区,370402
3704,薛城区,370403
3704,峄城区,370404
3704,台儿庄区,370405
3704,山亭区,370406
3704,滕州市,370481
3705,东营区,370502
3705,河口区,370503
3705,垦利区,370505
3705,利津县,370522
3705,广饶县,370523
3705,东营经济技术开发区,370571
3705,东营港经济开发区,370572
3706,芝罘区,370602
3706,福山区,370611
3706,牟平区,370612
3706,莱山区,370613
3706,长岛县,370634
3706,烟台高新技术产业开发区,370671
3706,烟台经济技术开发区,370672
3706,龙口市,370681
3706,莱阳市,370682
3706,莱州市,370683
3706,蓬莱市,370684
3706,招远市,370685
3706,栖霞市,370686
3706,海阳市,370687
3707,潍城区,370702
3707,寒亭区,370703
3707,坊子区,370704
3707,奎文区,370705
3707,临朐县,370724
3707,昌乐县,370725
3707,潍坊滨海经济技术开发区,370772
3707,青州市,370781
3707,诸城市,370782
3707,寿光市,370783
3707,安丘市,370784
3707,高密市,370785
3707,昌邑市,370786
3708,任城区,370811
3708,兖州区,370812
3708,微山县,370826
3708,鱼台县,370827
3708,金乡县,370828
3708,嘉祥县,370829
3708,汶上县,370830
3708,泗水县,370831
3708,梁山县,370832
3708,济宁高新技术产业开发区,370871
3708,曲阜市,370881
3708,邹城市,370883
3709,泰山区,370902
3709,岱岳区,370911
3709,宁阳县,370921
3709,东平县,370923
3709,新泰市,370982
3709,肥城市,370983
3710,环翠区,371002
3710,文登区,371003
3710,威海火炬高技术产业开发区,371071
3710,威海经济技术开发区,371072
3710,威海临港经济技术开发区,371073
3710,荣成市,371082
3710,乳山市,371083
3711,东港区,371102
3711,岚山区,371103
3711,五莲县,371121
3711,莒县,371122
3711,日照经济技术开发区,371171
3711,日照国际海洋城,371172
3712,莱城区,371202
3712,钢城区,371203
3713,兰山区,371302
3713,罗庄区,371311
3713,河东区,371312
3713,沂南县,371321
3713,郯城县,371322
3713,沂水县,371323
3713,兰陵县,371324
3713,费县,371325
3713,平邑县,371326
3713,莒南县,371327
3713,蒙阴县,371328
3713,临沭县,371329
3713,临沂高新技术产业开发区,371371
3713,临沂经济技术开发区,371372
3713,临沂临港经济开发区,371373
3714,德城区,371402
3714,陵城区,371403
3714,宁津县,371422
3714,庆云县,371423
3714,临邑县,371424
3714,齐河县,371425
3714,平原县,371426
3714,夏津县,371427
3714,武城县,371428
3714,德州经济技术开发区,371471
3714,德州运河经济开发区,371472
3714,乐陵市,371481
3714,禹城市,371482
3715,东昌府区,371502
3715,阳谷县,371521
3715,莘县,371522
3715,茌平县,371523
3715,东阿县,371524
3715,冠县,371525
3715,高唐县,371526
3715,临清市,371581
3716,滨城区,371602
3716,沾化区,371603
3716,惠民县,371621
3716,阳信县,371622
3716,无棣县,371623
3716,博兴县,371625
3716,邹平县,371626
3717,牡丹区,371702
3717,定陶区,371703
3717,曹县,371721
3717,单县,371722
3717,成武县,371723
3717,巨野县,371724
3717,郓城县,371725
3717,鄄城县,371726
3717,东明县,371728
3717,菏泽经济技术开发区,371771
3717,菏泽高新技术开发区,371772
4201,江岸区,420102
4201,江汉区,420103
4201,硚口区,420104
4201,汉阳区,420105
4201,武昌区,420106
4201,青山区,420107
4201,洪山区,420111
4201,东西湖区,420112
4201,汉南区,420113
4201,蔡甸区,420114
4201,江夏区,420115
4201,黄陂区,420116
4201,新洲区,420117
4202,黄石港区,420202
4202,西塞山区,420203
4202,下陆区,420204
4202,铁山区,420205
4202,阳新县,420222
4202,大冶市,420281
4203,茅箭区,420302
4203,张湾区,420303
4203,郧阳区,420304
4203,郧西县,420322
4203,竹山县,420323
4203,竹溪县,420324
4203,房县,420325
4203,丹江口市,420381
4205,西陵区,420502
4205,伍家岗区,420503
4205,点军区,420504
4205,猇亭区,420505
4205,夷陵区,420506
4205,远安县,420525
4205,兴山县,420526
4205,秭归县,420527
4205,长阳土家族自治县,420528
4205,五峰土家族自治县,420529
4205,宜都市,420581
4205,当阳市,420582
4205,枝江市,420583
4206,襄城区,420602
4206,樊城区,420606
4206,襄州区,420607
4206,南漳县,420624
4206,谷城县,420625
4206,保康县,420626
4206,老河口市,420682
4206,枣阳市,420683
4206,宜城市,420684
4207,梁子湖区,420702
4207,华容区,420703
4207,鄂城区,420704
4208,东宝区,420802
4208,掇刀区,420804
4208,京山县,420821
4208,沙洋县,420822
4208,钟祥市,420881
4209,孝南区,420902
4209,孝昌县,420921
4209,大悟县,420922
4209,云梦县,420923
4209,应城市,420981
4209,安陆市,420982
4209,汉川市,420984
4210,沙市区,421002
4210,荆州区,421003
4210,公安县,421022
4210,监利县,421023
4210,江陵县,421024
4210,荆州经济技术开发区,421071
4210,石首市,421081
4210,洪湖市,421083
4210,松滋市,421087
4211,黄州区,421102
4211,团风县,421121
4211,红安县,421122
4211,罗田县,421123
4211,英山县,421124
4211,浠水县,421125
4211,蕲春县,421126
4211,黄梅县,421127
4211,龙感湖管理区,421171
4211,麻城市,421181
4211,武穴市,421182
4212,咸安区,421202
4212,嘉鱼县,421221
4212,通城县,421222
4212,崇阳县,421223
4212,通山县,421224
4212,赤壁市,421281
4213,曾都区,421303
4213,随县,421321
4213,广水市,421381
4228,恩施市,422801
4228,利川市,422802
4228,建始县,422822
4228,巴东县,422823
4228,宣恩县,422825
4228,咸丰县,422826
4228,来凤县,422827
4228,鹤峰县,422828
4290,仙桃市,429004
4290,潜江市,429005
4290,天门市,429006
4290,神农架林区,429021
4401,荔湾区,440103
4401,越秀区,440104
4401,海珠区,440105
4401,天河区,440106
4401,白云区,440111
4401,黄埔区,440112
4401,番禺区,440113
4401,花都区,440114
4401,南沙区,440115
4401,从化区,440117
4401,增城区,440118
4402,武江区,440203
4402,浈江区,440204
4402,曲江区,440205
4402,始兴县,440222
4402,仁化县,440224
4402,翁源县,440229
4402,乳源瑶族自治县,440232
4402,新丰县,440233
4402,乐昌市,440281
4402,南雄市,440282
4403,罗湖区,440303
4403,福田区,440304
4403,南山区,440305
4403,宝安区,440306
4403,龙岗区,440307
4403,盐田区,440308
4403,龙华区,440309
4403,坪山区,440310
4404,香洲区,440402
4404,斗门区,440403
4404,金湾区,440404
4405,龙湖区,440507
4405,金平区,440511
4405,濠江区,440512
4405,潮阳区,440513
4405,潮南区,440514
4405,澄海区,440515
4405,南澳县,440523
4406,禅城区,440604
4406,南海区,440605
4406,顺德区,440606
4406,三水区,440607
4406,高明区,440608
4407,蓬江区,440703
4407,江海区,440704
4407,新会区,440705
4407,台山市,440781
4407,开平市,440783
4407,鹤山市,440784
4407,恩平市,440785
4408,赤坎区,440802
4408,霞山区,440803
4408,坡头区,440804
4408,麻章区,440811
4408,遂溪县,440823
4408,徐闻县,440825
4408,廉江市,440881
4408,雷州市,440882
4408,吴川市,440883
4409,茂南区,440902
4409,电白区,440904
4409,高州市,440981
4409,化州市,440982
4409,信宜市,440983
4412,端州区,441202
4412,鼎湖区,441203
4412,高要区,441204
4412,广宁县,441223
4412,怀集县,441224
4412,封开县,441225
4412,德庆县,441226
4412,四会市,441284
4413,惠城区,441302
4413,惠阳区,441303
4413,博罗县,441322
4413,惠东县,441323
4413,龙门县,441324
4414,梅江区,441402
4414,梅县区,441403
4414,大埔县,441422
4414,丰顺县,441423
4414,五华县,441424
4414,平远县,441426
4414,蕉岭县,441427
4414,兴宁市,441481
4415,城区,441502
4415,海丰县,441521
4415,陆河县,441523
4415,陆丰市,441581
4416,源城区,441602
4416,紫金县,441621
4416,龙川县,441622
4416,连平县,441623
4416,和平县,441624
4416,东源县,441625
4417,江城区,441702
4417,阳东区,441704
4417,阳西县,441721
4417,阳春市,441781
4418,清城区,441802
4418,清新区,441803
4418,佛冈县,441821
4418,阳山县,441823
4418,连山壮族瑶族自治县,441825
4418,连南瑶族自治县,441826
4418,英德市,441881
4418,连州市,441882
4451,湘桥区,445102
4451,潮安区,445103
4451,饶平县,445122
4452,榕城区,445202
4452,揭东区,445203
4452,揭西县,445222
4452,惠来县,445224
4452,普宁市,445281
4453,云城区,445302
4453,云安区,445303
4453,新兴县,445321
4453,郁南县,445322
4453,罗定市,445381
4601,秀英区,460105
4601,龙华区,460106
4601,琼山区,460107
4601,美兰区,460108
4602,海棠区,460202
4602,吉阳区,460203
4602,天涯区,460204
4602,崖州区,460205
4603,西沙群岛,460321
4603,南沙群岛,460322
4603,中沙群岛的岛礁及其海域,460323
4690,五指山市,469001
4690,琼海市,469002
4690,文昌市,469005
4690,万宁市,469006
4690,东方市,469007
4690,定安县,469021
4690,屯昌县,469022
4690,澄迈县,469023
4690,临高县,469024
4690,白沙黎族自治县,469025
4690,昌江黎族自治县,469026
4690,乐东黎族自治县,469027
4690,陵水黎族自治县,469028
4690,保亭黎族苗族自治县,469029
4690,琼中黎族苗族自治县,469030
5101,锦江区,510104
5101,青羊区,510105
5101,金牛区,510106
5101,武侯区,510107
5101,成华区,510108
5101,龙泉驿区,510112
5101,青白江区,510113
5101,新都区,510114
5101,温江区,510115
5101,双流区,510116
5101,郫都区,510117
5101,金堂县,510121
5101,大邑县,510129
5101,蒲江县,510131
5101,新津县,510132
5101,都江堰市,510181
5101,彭州市,510182
5101,邛崃市,510183
5101,崇州市,510184
5101,简阳市,510185
5103,自流井区,510302
5103,贡井区,510303
5103,大安区,510304
5103,沿滩区,510311
5103,荣县,510321
5103,富顺县,510322
5104,东区,510402
5104,西区,510403
5104,仁和区,510411
5104,米易县,510421
5104,盐边县,510422
5105,江阳区,510502
5105,纳溪区,510503
5105,龙马潭区,510504
5105,泸县,510521
5105,合江县,510522
5105,叙永县,510524
5105,古蔺县,510525
5106,旌阳区,510603
5106,罗江区,510604
5106,中江县,510623
5106,广汉市,510681
5106,什邡市,510682
5106,绵竹市,510683
5107,涪城区,510703
5107,游仙区,510704
5107,安州区,510705
5107,三台县,510722
5107,盐亭县,510723
5107,梓潼县,510725
5107,北川羌族自治县,510726
5107,平武县,510727
5107,江油市,510781
5108,利州区,510802
5108,昭化区,510811
5108,朝天区,510812
5108,旺苍县,510821
5108,青川县,510822
5108,剑阁县,510823
5108,苍溪县,510824
5109,船山区,510903
5109,安居区,510904
5109,蓬溪县,510921
5109,射洪县,510922
5109,大英县,510923
5110,市中区,511002
5110,东兴区,511011
5110,威远县,511024
5110,资中县,511025
5110,内江经济开发区,511071
5110,隆昌市,511083
5111,市中区,511102
5111,沙湾区,511111
5111,五通桥区,511112
5111,金口河区,511113
5111,犍为县,511123
5111,井研县,511124
5111,夹江县,511126
5111,沐川县,511129
5111,峨边彝族自治县,511132
5111,马边彝族自治县,511133
5111,峨眉山市,511181
5113,顺庆区,511302
5113,高坪区,511303
5113,嘉陵区,511304
5113,南部县,511321
5113,营山县,511322
5113,蓬安县,511323
5113,仪陇县,511324
5113,西充县,511325
5113,阆中市,511381
5114,东坡区,511402
5114,彭山区,511403
5114,仁寿县,511421
5114,洪雅县,511423
5114,丹棱县,511424
5114,青神县,511425
5115,翠屏区,511502
5115,南溪区,511503
5115,宜宾县,511521
5115,江安县,511523
5115,长宁县,511524
5115,高县,511525
5115,珙县,511526
5115,筠连县,511527
5115,兴文县,511528
5115,屏山县,511529
5116,广安区,511602
5116,前锋区,511603
5116,岳池县,511621
5116,武胜县,511622
5116,邻水县,511623
5116,华蓥市,511681
5117,通川区,511702
5117,达川区,511703
5117,宣汉县,511722
5117,开江县,511723
5117,大竹县,511724
5117,渠县,511725
5117,达州经济开发区,511771
5117,万源市,511781
5118,雨城区,511802
5118,名山区,511803
5118,荥经县,511822
5118,汉源县,511823
5118,石棉县,511824
5118,天全县,511825
5118,芦山县,511826
5118,宝兴县,511827
5119,巴州区,511902
5119,恩阳区,511903
5119,通江县,511921
5119,南江县,511922
5119,平昌县,511923
5119,巴中经济开发区,511971
5120,雁江区,512002
5120,安岳县,512021
5120,乐至县,512022
5132,马尔康市,513201
5132,汶川县,513221
5132,理县,513222
5132,茂县,513223
5132,松潘县,513224
5132,九寨沟县,513225
5132,金川县,513226
5132,小金县,513227
5132,黑水县,513228
5132,壤塘县,513230
5132,阿坝县,513231
5132,若尔盖县,513232
5132,红原县,513233
5133,康定市,513301
5133,泸定县,513322
5133,丹巴县,513323
5133,九龙县,513324
5133,雅江县,513325
5133,道孚县,513326
5133,炉霍县,513327
5133,甘孜县,513328
5133,新龙县,513329
5133,德格县,513330
5133,白玉县,513331
5133,石渠县,513332
5133,色达县,513333
5133,理塘县,513334
5133,巴塘县,513335
5133,乡城县,513336
5133,稻城县,513337
5133,得荣县,513338
5134,西昌市,513401
5134,木里藏族自治县,513422
5134,盐源县,513423
5134,德昌县,513424
5134,会理县,513425
5134,会东县,513426
5134,宁南县,513427
5134,普格县,513428
5134,布拖县,513429
5134,金阳县,513430
5134,昭觉县,513431
5134,喜德县,513432
5134,冕宁县,513433
5134,越西县,513434
5134,甘洛县,513435
5134,美姑县,513436
5134,雷波县,513437
5301,五华区,530102
5301,盘龙区,530103
5301,官渡区,530111
5301,西山区,530112
5301,东川区,530113
5301,呈贡区,530114
5301,晋宁区,530115
5301,富民县,530124
5301,宜良县,530125
5301,石林彝族自治县,530126
5301,嵩明县,530127
5301,禄劝彝族苗族自治县,530128
5301,寻甸回族彝族自治县,530129
5301,安宁市,530181
5303,麒麟区,530302
5303,沾益区,530303
5303,马龙县,530321
5303,陆良县,530322
5303,师宗县,530323
5303,罗平县,530324
5303,富源县,530325
5303,会泽县,530326
5303,宣威市,530381
5304,红塔区,530402
5304,江川区,530403
5304,澄江县,530422
5304,通海县,530423
5304,华宁县,530424
5304,易门县,530425
5304,峨山彝族自治县,530426
5304,新平彝族傣族自治县,530427
5304,元江哈尼族彝族傣族自治县,530428
5305,隆阳区,530502
5305,施甸县,530521
5305,龙陵县,530523
5305,昌宁县,530524
5305,腾冲市,530581
5306,昭阳区,530602
5306,鲁甸县,530621
5306,巧家县,530622
5306,盐津县,530623
5306,大关县,530624
5306,永善县,530625
5306,绥江县,530626
5306,镇雄县,530627
5306,彝良县,530628
5306,威信县,530629
5306,水富县,530630
5307,古城区,530702
5307,玉龙纳西族自治县,530721
5307,永胜县,530722
5307,华坪县,530723
5307,宁蒗彝族自治县,530724
5308,思茅区,530802
5308,宁洱哈尼族彝族自治县,530821
5308,墨江哈尼族自治县,530822
5308,景东彝族自治县,530823
5308,景谷傣族彝族自治县,530824
5308,镇沅彝族哈尼族拉祜族自治县,530825
5308,江城哈尼族彝族自治县,530826
5308,孟连傣族拉祜族佤族自治县,530827
5308,澜沧拉祜族自治县,530828
5308,西盟佤族自治县,530829
5309,临翔区,530902
5309,凤庆县,530921
5309,云县,530922
5309,永德县,530923
5309,镇康县,530924
5309,双江拉祜族佤族布朗族傣族自治县,530925
5309,耿马傣族佤族自治县,530926
5309,沧源佤族自治县,530927
5323,楚雄市,532301
5323,双柏县,532322
5323,牟定县,532323
5323,南华县,532324
5323,姚安县,532325
5323,大姚县,532326
5323,永仁县,532327
5323,元谋县,532328
5323,武定县,532329
5323,禄丰县,532331
5325,个旧市,532501
5325,开远市,532502
5325,蒙自市,532503
5325,弥勒市,532504
5325,屏边苗族自治县,532523
5325,建水县,532524
5325,石屏县,532525
5325,泸西县,532527
5325,元阳县,532528
5325,红河县,532529
5325,金平苗族瑶族傣族自治县,532530
5325,绿春县,532531
5325,河口瑶族自治县,532532
5326,文山市,532601
5326,砚山县,532622
5326,西畴县,532623
5326,麻栗坡县,532624
5326,马关县,532625
5326,丘北县,532626
5326,广南县,532627
5326,富宁县,532628
5328,景洪市,532801
5328,勐海县,532822
5328,勐腊县,532823
5329,大理市,532901
5329,漾濞彝族自治县,532922
5329,祥云县,532923
5329,宾川县,532924
5329,弥渡县,532925
5329,南涧彝族自治县,532926
5329,巍山彝族回族自治县,532927
5329,永平县,532928
5329,云龙县,532929
5329,洱源县,532930
5329,剑川县,532931
5329,鹤庆县,532932
5331,瑞丽市,533102
5331,芒市,533103
5331,梁河县,533122
5331,盈江县,533123
5331,陇川县,533124
5333,泸水市,533301
5333,福贡县,533323
5333,贡山独龙族怒族自治县,533324
5333,兰坪白族普米族自治县,533325
5334,香格里拉市,533401
5334,德钦县,533422
5334,维西傈僳族自治县,533423
6101,新城区,610102
6101,碑林区,610103
6101,莲湖区,610104
6101,灞桥区,610111
6101,未央区,610112
6101,雁塔区,610113
6101,阎良区,610114
6101,临潼区,610115
6101,长安区,610116
6101,高陵区,610117
6101,鄠邑区,610118
6101,蓝田县,610122
6101,周至县,610124
6102,王益区,610202
6102,印台区,610203
6102,耀州区,610204
6102,宜君县,610222
6103,渭滨区,610302
6103,金台区,610303
6103,陈仓区,610304
6103,凤翔县,610322
6103,岐山县,610323
6103,扶风县,610324
6103,眉县,610326
6103,陇县,610327
6103,千阳县,610328
6103,麟游县,610329
6103,凤县,610330
6103,太白县,610331
6104,秦都区,610402
6104,杨陵区,610403
6104,渭城区,610404
6104,三原县,610422
6104,泾阳县,610423
6104,乾县,610424
6104,礼泉县,610425
6104,永寿县,610426
6104,彬县,610427
6104,长武县,610428
6104,旬邑县,610429
6104,淳化县,610430
6104,武功县,610431
6104,兴平市,610481
6105,临渭区,610502
6105,华州区,610503
6105,潼关县,610522
6105,大荔县,610523
6105,合阳县,610524
6105,澄城县,610525
6105,蒲城县,610526
6105,白水县,610527
6105,富平县,610528
6105,韩城市,610581
6105,华阴市,610582
6106,宝塔区,610602
6106,安塞区,610603
6106,延长县,610621
6106,延川县,610622
6106,子长县,610623
6106,志丹县,610625
6106,吴起县,610626
6106,甘泉县,610627
6106,富县,610628
6106,洛川县,610629
6106,宜川县,610630
6106,黄龙县,610631
6106,黄陵县,610632
6107,汉台区,610702
6107,南郑区,610703
6107,城固县,610722
6107,洋县,610723
6107,西乡县,610724
6107,勉县,610725
6107,宁强县,610726
6107,略阳县,610727
6107,镇巴县,610728
6107,留坝县,610729
6107,佛坪县,610730
6108,榆阳区,610802
6108,横山区,610803
6108,府谷县,610822
6108,靖边县,610824
6108,定边县,610825
6108,绥德县,610826
6108,米脂县,610827
6108,佳县,610828
6108,吴堡县,610829
6108,清涧县,610830
6108,子洲县,610831
6108,神木市,610881
6109,汉滨区,610902
6109,汉阴县,610921
6109,石泉县,610922
6109,宁陕县,610923
6109,紫阳县,610924
6109,岚皋县,610925
6109,平利县,610926
6109,镇坪县,610927
6109,旬阳县,610928
6109,白河县,610929
6110,商州区,611002
6110,洛南县,611021
6110,丹凤县,611022
6110,商南县,611023
6110,山阳县,611024
6110,镇安县,611025
6110,柞水县,611026
6301,城东区,630102
6301,城中区,630103
6301,城西区,630104
6301,城北区,630105
6301,大通回族土族自治县,630121
6301,湟中县,630122
6301,湟源县,630123
6302,乐都区,630202
6302,平安区,630203
6302,民和回族土族自治县,630222
6302,互助土族自治县,630223
6302,化隆回族自治县,630224
6302,循化撒拉族自治县,630225
6322,门源回族自治县,632221
6322,祁连县,632222
6322,海晏县,632223
6322,刚察县,632224
6323,同仁县,632321
6323,尖扎县,632322
6323,泽库县,632323
6323,河南蒙古族自治县,632324
6325,共和县,632521
6325,同德县,632522
6325,贵德县,632523
6325,兴海县,632524
6325,贵南县,632525
6326,玛沁县,632621
6326,班玛县,632622
6326,甘德县,632623
6326,达日县,632624
6326,久治县,632625
6326,玛多县,632626
6327,玉树市,632701
6327,杂多县,632722
6327,称多县,632723
6327,治多县,632724
6327,囊谦县,632725
6327,曲麻莱县,632726
6328,格尔木市,632801
6328,德令哈市,632802
6328,乌兰县,632821
6328,都兰县,632822
6328,天峻县,632823
6328,大柴旦行政委员会,632857
6328,冷湖行政委员会,632858
6328,茫崖行政委员会,632859
6501,天山区,650102
6501,沙依巴克区,650103
6501,新市区,650104
6501,水磨沟区,650105
6501,头屯河区,650106
6501,达坂城区,650107
6501,米东区,650109
6501,乌鲁木齐县,650121
6501,乌鲁木齐经济技术开发区,650171
6501,乌鲁木齐高新技术产业开发区,650172
6502,独山子区,650202
6502,克拉玛依区,650203
6502,白碱滩区,650204
6502,乌尔禾区,650205
6504,高昌区,650402
6504,鄯善县,650421
6504,托克逊县,650422
6505,伊州区,650502
6505,巴里坤哈萨克自治县,650521
6505,伊吾县,650522
6523,昌吉市,652301
6523,阜康市,652302
6523,呼图壁县,652323
6523,玛纳斯县,652324
6523,奇台县,652325
6523,吉木萨尔县,652327
6523,木垒哈萨克自治县,652328
6527,博乐市,652701
6527,阿拉山口市,652702
6527,精河县,652722
6527,温泉县,652723
6528,库尔勒市,652801
6528,轮台县,652822
6528,尉犁县,652823
6528,若羌县,652824
6528,且末县,652825
6528,焉耆回族自治县,652826
6528,和静县,652827
6528,和硕县,652828
6528,博湖县,652829
6528,库尔勒经济技术开发区,652871
6529,阿克苏市,652901
6529,温宿县,652922
6529,库车县,652923
6529,沙雅县,652924
6529,新和县,652925
6529,拜城县,652926
6529,乌什县,652927
6529,阿瓦提县,652928
6529,柯坪县,652929
6530,阿图什市,653001
6530,阿克陶县,653022
6530,阿合奇县,653023
6530,乌恰县,653024
6531,喀什市,653101
6531,疏附县,653121
6531,疏勒县,653122
6531,英吉沙县,653123
6531,泽普县,653124
6531,莎车县,653125
6531,叶城县,653126
6531,麦盖提县,653127
6531,岳普湖县,653128
6531,伽师县,653129
6531,巴楚县,653130
6531,塔什库尔干塔吉克自治县,653131
6532,和田市,653201
6532,和田县,653221
6532,墨玉县,653222
6532,皮山县,653223
6532,洛浦县,653224
6532,策勒县,653225
6532,于田县,653226
6532,民丰县,653227
6540,伊宁市,654002
6540,奎屯市,654003
6540,霍尔果斯市,654004
6540,伊宁县,654021
6540,察布查尔锡伯自治县,654022
6540,霍城县,654023
6540,巩留县,654024
6540,新源县,654025
6540,昭苏县,654026
6540,特克斯县,654027
6540,尼勒克县,654028
6542,塔城市,654201
6542,乌苏市,654202
6542,额敏县,654221
6542,沙湾县,654223
6542,托里县,654224
6542,裕民县,654225
6542,和布克赛尔蒙古自治县,654226
6543,阿勒泰市,654301
6543,布尔津县,654321
6543,富蕴县,654322
6543,福海县,654323
6543,哈巴河县,654324
6543,青河县,654325
6543,吉木乃县,654326
6590,石河子市,659001
6590,阿拉尔市,659002
6590,图木舒克市,659003
6590,五家渠市,659004
6590,铁门关市,659006
1201,和平区,120101
1201,河东区,120102
1201,河西区,120103
1201,南开区,120104
1201,河北区,120105
1201,红桥区,120106
1201,东丽区,120110
1201,西青区,120111
1201,津南区,120112
1201,北辰区,120113
1201,武清区,120114
1201,宝坻区,120115
1201,滨海新区,120116
1201,宁河区,120117
1201,静海区,120118
1201,蓟州区,120119
1401,小店区,140105
1401,迎泽区,140106
1401,杏花岭区,140107
1401,尖草坪区,140108
1401,万柏林区,140109
1401,晋源区,140110
1401,清徐县,140121
1401,阳曲县,140122
1401,娄烦县,140123
1401,山西转型综合改革示范区,140171
1401,古交市,140181
1402,城区,140202
1402,矿区,140203
1402,南郊区,140211
1402,新荣区,140212
1402,阳高县,140221
1402,天镇县,140222
1402,广灵县,140223
1402,灵丘县,140224
1402,浑源县,140225
1402,左云县,140226
1402,大同县,140227
1402,山西大同经济开发区,140271
1403,城区,140302
1403,矿区,140303
1403,郊区,140311
1403,平定县,140321
1403,盂县,140322
1403,山西阳泉经济开发区,140371
1404,城区,140402
1404,郊区,140411
1404,长治县,140421
1404,襄垣县,140423
1404,屯留县,140424
1404,平顺县,140425
1404,黎城县,140426
1404,壶关县,140427
1404,长子县,140428
1404,武乡县,140429
1404,沁县,140430
1404,沁源县,140431
1404,山西长治高新技术产业园区,140471
1404,潞城市,140481
1405,城区,140502
1405,沁水县,140521
1405,阳城县,140522
1405,陵川县,140524
1405,泽州县,140525
1405,高平市,140581
1406,朔城区,140602
1406,平鲁区,140603
1406,山阴县,140621
1406,应县,140622
1406,右玉县,140623
1406,怀仁县,140624
1406,山西朔州经济开发区,140671
1407,榆次区,140702
1407,榆社县,140721
1407,左权县,140722
1407,和顺县,140723
1407,昔阳县,140724
1407,寿阳县,140725
1407,太谷县,140726
1407,祁县,140727
1407,平遥县,140728
1407,灵石县,140729
1407,介休市,140781
1408,盐湖区,140802
1408,临猗县,140821
1408,万荣县,140822
1408,闻喜县,140823
1408,稷山县,140824
1408,新绛县,140825
1408,绛县,140826
1408,垣曲县,140827
1408,夏县,140828
1408,平陆县,140829
1408,芮城县,140830
1408,永济市,140881
1408,河津市,140882
1409,忻府区,140902
1409,定襄县,140921
1409,五台县,140922
1409,代县,140923
1409,繁峙县,140924
1409,宁武县,140925
1409,静乐县,140926
1409,神池县,140927
1409,五寨县,140928
1409,岢岚县,140929
1409,河曲县,140930
1409,保德县,140931
1409,偏关县,140932
1409,五台山风景名胜区,140971
1409,原平市,140981
1410,尧都区,141002
1410,曲沃县,141021
1410,翼城县,141022
1410,襄汾县,141023
1410,洪洞县,141024
1410,古县,141025
1410,安泽县,141026
1410,浮山县,141027
1410,吉县,141028
1410,乡宁县,141029
1410,大宁县,141030
1410,隰县,141031
1410,永和县,141032
1410,蒲县,141033
1410,汾西县,141034
1410,侯马市,141081
1410,霍州市,141082
1411,离石区,141102
1411,文水县,141121
1411,交城县,141122
1411,兴县,141123
1411,临县,141124
1411,柳林县,141125
1411,石楼县,141126
1411,岚县,141127
1411,方山县,141128
1411,中阳县,141129
1411,交口县,141130
1411,孝义市,141181
1411,汾阳市,141182
2101,和平区,210102
2101,沈河区,210103
2101,大东区,210104
2101,皇姑区,210105
2101,铁西区,210106
2101,苏家屯区,210111
2101,浑南区,210112
2101,沈北新区,210113
2101,于洪区,210114
2101,辽中区,210115
2101,康平县,210123
2101,法库县,210124
2101,新民市,210181
2102,中山区,210202
2102,西岗区,210203
2102,沙河口区,210204
2102,甘井子区,210211
2102,旅顺口区,210212
2102,金州区,210213
2102,普兰店区,210214
2102,长海县,210224
2102,瓦房店市,210281
2102,庄河市,210283
2103,铁东区,210302
2103,铁西区,210303
2103,立山区,210304
2103,千山区,210311
2103,台安县,210321
2103,岫岩满族自治县,210323
2103,海城市,210381
2104,新抚区,210402
2104,东洲区,210403
2104,望花区,210404
2104,顺城区,210411
2104,抚顺县,210421
2104,新宾满族自治县,210422
2104,清原满族自治县,210423
2105,平山区,210502
2105,溪湖区,210503
2105,明山区,210504
2105,南芬区,210505
2105,本溪满族自治县,210521
2105,桓仁满族自治县,210522
2106,元宝区,210602
2106,振兴区,210603
2106,振安区,210604
2106,宽甸满族自治县,210624
2106,东港市,210681
2106,凤城市,210682
2107,古塔区,210702
2107,凌河区,210703
2107,太和区,210711
2107,黑山县,210726
2107,义县,210727
2107,凌海市,210781
2107,北镇市,210782
2108,站前区,210802
2108,西市区,210803
2108,鲅鱼圈区,210804
2108,老边区,210811
2108,盖州市,210881
2108,大石桥市,210882
2109,海州区,210902
2109,新邱区,210903
2109,太平区,210904
2109,清河门区,210905
2109,细河区,210911
2109,阜新蒙古族自治县,210921
2109,彰武县,210922
2110,白塔区,211002
2110,文圣区,211003
2110,宏伟区,211004
2110,弓长岭区,211005
2110,太子河区,211011
2110,辽阳县,211021
2110,灯塔市,211081
2111,双台子区,211102
2111,兴隆台区,211103
2111,大洼区,211104
2111,盘山县,211122
2112,银州区,211202
2112,清河区,211204
2112,铁岭县,211221
2112,西丰县,211223
2112,昌图县,211224
2112,调兵山市,211281
2112,开原市,211282
2113,双塔区,211302
2113,龙城区,211303
2113,朝阳县,211321
2113,建平县,211322
2113,喀喇沁左翼蒙古族自治县,211324
2113,北票市,211381
2113,凌源市,211382
2114,连山区,211402
2114,龙港区,211403
2114,南票区,211404
2114,绥中县,211421
2114,建昌县,211422
2114,兴城市,211481
2301,道里区,230102
2301,南岗区,230103
2301,道外区,230104
2301,平房区,230108
2301,松北区,230109
2301,香坊区,230110
2301,呼兰区,230111
2301,阿城区,230112
2301,双城区,230113
2301,依兰县,230123
2301,方正县,230124
2301,宾县,230125
2301,巴彦县,230126
2301,木兰县,230127
2301,通河县,230128
2301,延寿县,230129
2301,尚志市,230183
2301,五常市,230184
2302,龙沙区,230202
2302,建华区,230203
2302,铁锋区,230204
2302,昂昂溪区,230205
2302,富拉尔基区,230206
2302,碾子山区,230207
2302,梅里斯达斡尔族区,230208
2302,龙江县,230221
2302,依安县,230223
2302,泰来县,230224
2302,甘南县,230225
2302,富裕县,230227
2302,克山县,230229
2302,克东县,230230
2302,拜泉县,230231
2302,讷河市,230281
2303,鸡冠区,230302
2303,恒山区,230303
2303,滴道区,230304
2303,梨树区,230305
2303,城子河区,230306
2303,麻山区,230307
2303,鸡东县,230321
2303,虎林市,230381
2303,密山市,230382
2304,向阳区,230402
2304,工农区,230403
2304,南山区,230404
2304,兴安区,230405
2304,东山区,230406
2304,兴山区,230407
2304,萝北县,230421
2304,绥滨县,230422
2305,尖山区,230502
2305,岭东区,230503
2305,四方台区,230505
2305,宝山区,230506
2305,集贤县,230521
2305,友谊县,230522
2305,宝清县,230523
2305,饶河县,230524
2306,萨尔图区,230602
2306,龙凤区,230603
2306,让胡路区,230604
2306,红岗区,230605
2306,大同区,230606
2306,肇州县,230621
2306,肇源县,230622
2306,林甸县,230623
2306,杜尔伯特蒙古族自治县,230624
2306,大庆高新技术产业开发区,230671
2307,伊春区,230702
2307,南岔区,230703
2307,友好区,230704
2307,西林区,230705
2307,翠峦区,230706
2307,新青区,230707
2307,美溪区,230708
2307,金山屯区,230709
2307,五营区,230710
2307,乌马河区,230711
2307,汤旺河区,230712
2307,带岭区,230713
2307,乌伊岭区,230714
2307,红星区,230715
2307,上甘岭区,230716
2307,嘉荫县,230722
2307,铁力市,230781
2308,向阳区,230803
2308,前进区,230804
2308,东风区,230805
2308,郊区,230811
2308,桦南县,230822
2308,桦川县,230826
2308,汤原县,230828
2308,同江市,230881
2308,富锦市,230882
2308,抚远市,230883
2309,新兴区,230902
2309,桃山区,230903
2309,茄子河区,230904
2309,勃利县,230921
2310,东安区,231002
2310,阳明区,231003
2310,爱民区,231004
2310,西安区,231005
2310,林口县,231025
2310,牡丹江经济技术开发区,231071
2310,绥芬河市,231081
2310,海林市,231083
2310,宁安市,231084
2310,穆棱市,231085
2310,东宁市,231086
2311,爱辉区,231102
2311,嫩江县,231121
2311,逊克县,231123
2311,孙吴县,231124
2311,北安市,231181
2311,五大连池市,231182
2312,北林区,231202
2312,望奎县,231221
2312,兰西县,231222
2312,青冈县,231223
2312,庆安县,231224
2312,明水县,231225
2312,绥棱县,231226
2312,安达市,231281
2312,肇东市,231282
2312,海伦市,231283
2327,加格达奇区,232701
2327,松岭区,232702
2327,新林区,232703
2327,呼中区,232704
2327,呼玛县,232721
2327,塔河县,232722
2327,漠河县,232723
3201,玄武区,320102
3201,秦淮区,320104
3201,建邺区,320105
3201,鼓楼区,320106
3201,浦口区,320111
3201,栖霞区,320113
3201,雨花台区,320114
3201,江宁区,320115
3201,六合区,320116
3201,溧水区,320117
3201,高淳区,320118
3202,锡山区,320205
3202,惠山区,320206
3202,滨湖区,320211
3202,梁溪区,320213
3202,新吴区,320214
3202,江阴市,320281
3202,宜兴市,320282
3203,鼓楼区,320302
3203,云龙区,320303
3203,贾汪区,320305
3203,泉山区,320311
3203,铜山区,320312
3203,丰县,320321
3203,沛县,320322
3203,睢宁县,320324
3203,徐州经济技术开发区,320371
3203,新沂市,320381
3203,邳州市,320382
3204,天宁区,320402
3204,钟楼区,320404
3204,新北区,320411
3204,武进区,320412
3204,金坛区,320413
3204,溧阳市,320481
3205,虎丘区,320505
3205,吴中区,320506
3205,相城区,320507
3205,姑苏区,320508
3205,吴江区,320509
3205,苏州工业园区,320571
3205,常熟市,320581
3205,张家港市,320582
3205,昆山市,320583
3205,太仓市,320585
3206,崇川区,320602
3206,港闸区,320611
3206,通州区,320612
3206,海安县,320621
3206,如东县,320623
3206,南通经济技术开发区,320671
3206,启东市,320681
3206,如皋市,320682
3206,海门市,320684
3207,连云区,320703
3207,海州区,320706
3207,赣榆区,320707
3207,东海县,320722
3207,灌云县,320723
3207,灌南县,320724
3207,连云港经济技术开发区,320771
3207,连云港高新技术产业开发区,320772
3208,淮安区,320803
3208,淮阴区,320804
3208,清江浦区,320812
3208,洪泽区,320813
3208,涟水县,320826
3208,盱眙县,320830
3208,金湖县,320831
3208,淮安经济技术开发区,320871
3209,亭湖区,320902
3209,盐都区,320903
3209,大丰区,320904
3209,响水县,320921
3209,滨海县,320922
3209,阜宁县,320923
3209,射阳县,320924
3209,建湖县,320925
3209,盐城经济技术开发区,320971
3209,东台市,320981
3210,广陵区,321002
3210,邗江区,321003
3210,江都区,321012
3210,宝应县,321023
3210,扬州经济技术开发区,321071
3210,仪征市,321081
3210,高邮市,321084
3211,京口区,321102
3211,润州区,321111
3211,丹徒区,321112
3211,镇江新区,321171
3211,丹阳市,321181
3211,扬中市,321182
3211,句容市,321183
3212,海陵区,321202
3212,高港区,321203
3212,姜堰区,321204
3212,泰州医药高新技术产业开发区,321271
3212,兴化市,321281
3212,靖江市,321282
3212,泰兴市,321283
3213,宿城区,321302
3213,宿豫区,321311
3213,沭阳县,321322
3213,泗阳县,321323
3213,泗洪县,321324
3213,宿迁经济技术开发区,321371
3401,瑶海区,340102
3401,庐阳区,340103
3401,蜀山区,340104
3401,包河区,340111
3401,长丰县,340121
3401,肥东县,340122
3401,肥西县,340123
3401,庐江县,340124
3401,合肥高新技术产业开发区,340171
3401,合肥经济技术开发区,340172
3401,合肥新站高新技术产业开发区,340173
3401,巢湖市,340181
3402,镜湖区,340202
3402,弋江区,340203
3402,鸠江区,340207
3402,三山区,340208
3402,芜湖县,340221
3402,繁昌县,340222
3402,南陵县,340223
3402,无为县,340225
3402,芜湖经济技术开发区,340271
3402,安徽芜湖长江大桥经济开发区,340272
3403,龙子湖区,340302
3403,蚌山区,340303
3403,禹会区,340304
3403,淮上区,340311
3403,怀远县,340321
3403,五河县,340322
3403,固镇县,340323
3403,蚌埠市高新技术开发区,340371
3403,蚌埠市经济开发区,340372
3404,大通区,340402
3404,田家庵区,340403
3404,谢家集区,340404
3404,八公山区,340405
3404,潘集区,340406
3404,凤台县,340421
3404,寿县,340422
3405,花山区,340503
3405,雨山区,340504
3405,博望区,340506
3405,当涂县,340521
3405,含山县,340522
3405,和县,340523
3406,杜集区,340602
3406,相山区,340603
3406,烈山区,340604
3406,濉溪县,340621
3407,铜官区,340705
3407,义安区,340706
3407,郊区,340711
3407,枞阳县,340722
3408,迎江区,340802
3408,大观区,340803
3408,宜秀区,340811
3408,怀宁县,340822
3408,潜山县,340824
3408,太湖县,340825
3408,宿松县,340826
3408,望江县,340827
3408,岳西县,340828
3408,安徽安庆经济开发区,340871
3408,桐城市,340881
3410,屯溪区,341002
3410,黄山区,341003
3410,徽州区,341004
3410,歙县,341021
3410,休宁县,341022
3410,黟县,341023
3410,祁门县,341024
3411,琅琊区,341102
3411,南谯区,341103
3411,来安县,341122
3411,全椒县,341124
3411,定远县,341125
3411,凤阳县,341126
3411,苏滁现代产业园,341171
3411,滁州经济技术开发区,341172
3411,天长市,341181
3411,明光市,341182
3412,颍州区,341202
3412,颍东区,341203
3412,颍泉区,341204
3412,临泉县,341221
3412,太和县,341222
3412,阜南县,341225
3412,颍上县,341226
3412,阜阳合肥现代产业园区,341271
3412,阜阳经济技术开发区,341272
3412,界首市,341282
3413,桥区,341302
3413,砀山县,341321
3413,萧县,341322
3413,灵璧县,341323
3413,泗县,341324
3413,宿州马鞍山现代产业园区,341371
3413,宿州经济技术开发区,341372
3415,金安区,341502
3415,裕安区,341503
3415,叶集区,341504
3415,霍邱县,341522
3415,舒城县,341523
3415,金寨县,341524
3415,霍山县,341525
3416,谯城区,341602
3416,涡阳县,341621
3416,蒙城县,341622
3416,利辛县,341623
3417,贵池区,341702
3417,东至县,341721
3417,石台县,341722
3417,青阳县,341723
3418,宣州区,341802
3418,郎溪县,341821
3418,广德县,341822
3418,泾县,341823
3418,绩溪县,341824
3418,旌德县,341825
3418,宣城市经济开发区,341871
3418,宁国市,341881
3601,东湖区,360102
3601,西湖区,360103
3601,青云谱区,360104
3601,湾里区,360105
3601,青山湖区,360111
3601,新建区,360112
3601,南昌县,360121
3601,安义县,360123
3601,进贤县,360124
3602,昌江区,360202
3602,珠山区,360203
3602,浮梁县,360222
3602,乐平市,360281
3603,安源区,360302
3603,湘东区,360313
3603,莲花县,360321
3603,上栗县,360322
3603,芦溪县,360323
3604,濂溪区,360402
3604,浔阳区,360403
3604,柴桑区,360404
3604,武宁县,360423
3604,修水县,360424
3604,永修县,360425
3604,德安县,360426
3604,都昌县,360428
3604,湖口县,360429
3604,彭泽县,360430
3604,瑞昌市,360481
3604,共青城市,360482
3604,庐山市,360483
3605,渝水区,360502
3605,分宜县,360521
3606,月湖区,360602
3606,余江县,360622
3606,贵溪市,360681
3607,章贡区,360702
3607,南康区,360703
3607,赣县区,360704
3607,信丰县,360722
3607,大余县,360723
3607,上犹县,360724
3607,崇义县,360725
3607,安远县,360726
3607,龙南县,360727
3607,定南县,360728
3607,全南县,360729
3607,宁都县,360730
3607,于都县,360731
3607,兴国县,360732
3607,会昌县,360733
3607,寻乌县,360734
3607,石城县,360735
3607,瑞金市,360781
3608,吉州区,360802
3608,青原区,360803
3608,吉安县,360821
3608,吉水县,360822
3608,峡江县,360823
3608,新干县,360824
3608,永丰县,360825
3608,泰和县,360826
3608,遂川县,360827
3608,万安县,360828
3608,安福县,360829
3608,永新县,360830
3608,井冈山市,360881
3609,袁州区,360902
3609,奉新县,360921
3609,万载县,360922
3609,上高县,360923
3609,宜丰县,360924
3609,靖安县,360925
3609,铜鼓县,360926
3609,丰城市,360981
3609,樟树市,360982
3609,高安市,360983
3610,临川区,361002
3610,东乡区,361003
3610,南城县,361021
3610,黎川县,361022
3610,南丰县,361023
3610,崇仁县,361024
3610,乐安县,361025
3610,宜黄县,361026
3610,金溪县,361027
3610,资溪县,361028
3610,广昌县,361030
3611,信州区,361102
3611,广丰区,361103
3611,上饶县,361121
3611,玉山县,361123
3611,铅山县,361124
3611,横峰县,361125
3611,弋阳县,361126
3611,余干县,361127
3611,鄱阳县,361128
3611,万年县,361129
3611,婺源县,361130
3611,德兴市,361181
4101,中原区,410102
4101,二七区,410103
4101,管城回族区,410104
4101,金水区,410105
4101,上街区,410106
4101,惠济区,410108
4101,中牟县,410122
4101,郑州经济技术开发区,410171
4101,郑州高新技术产业开发区,410172
4101,郑州航空港经济综合实验区,410173
4101,巩义市,410181
4101,荥阳市,410182
4101,新密市,410183
4101,新郑市,410184
4101,登封市,410185
4102,龙亭区,410202
4102,顺河回族区,410203
4102,鼓楼区,410204
4102,禹王台区,410205
4102,祥符区,410212
4102,杞县,410221
4102,通许县,410222
4102,尉氏县,410223
4102,兰考县,410225
4103,老城区,410302
4103,西工区,410303
4103,瀍河回族区,410304
4103,涧西区,410305
4103,吉利区,410306
4103,洛龙区,410311
4103,孟津县,410322
4103,新安县,410323
4103,栾川县,410324
4103,嵩县,410325
4103,汝阳县,410326
4103,宜阳县,410327
4103,洛宁县,410328
4103,伊川县,410329
4103,洛阳高新技术产业开发区,410371
4103,偃师市,410381
4104,新华区,410402
4104,卫东区,410403
4104,石龙区,410404
4104,湛河区,410411
4104,宝丰县,410421
4104,叶县,410422
4104,鲁山县,410423
4104,郏县,410425
4104,高新技术产业开发区,410471
4104,新城区,410472
4104,舞钢市,410481
4104,汝州市,410482
4105,文峰区,410502
4105,北关区,410503
4105,殷都区,410505
4105,龙安区,410506
4105,安阳县,410522
4105,汤阴县,410523
4105,滑县,410526
4105,内黄县,410527
4105,安阳高新技术产业开发区,410571
4105,林州市,410581
4106,鹤山区,410602
4106,山城区,410603
4106,淇滨区,410611
4106,浚县,410621
4106,淇县,410622
4106,鹤壁经济技术开发区,410671
4107,红旗区,410702
4107,卫滨区,410703
4107,凤泉区,410704
4107,牧野区,410711
4107,新乡县,410721
4107,获嘉县,410724
4107,原阳县,410725
4107,延津县,410726
4107,封丘县,410727
4107,长垣县,410728
4107,新乡高新技术产业开发区,410771
4107,新乡经济技术开发区,410772
4107,新乡市平原城乡一体化示范区,410773
4107,卫辉市,410781
4107,辉县市,410782
4108,解放区,410802
4108,中站区,410803
4108,马村区,410804
4108,山阳区,410811
4108,修武县,410821
4108,博爱县,410822
4108,武陟县,410823
4108,温县,410825
4108,焦作城乡一体化示范区,410871
4108,沁阳市,410882
4108,孟州市,410883
4109,华龙区,410902
4109,清丰县,410922
4109,南乐县,410923
4109,范县,410926
4109,台前县,410927
4109,濮阳县,410928
4109,河南濮阳工业园区,410971
4109,濮阳经济技术开发区,410972
4110,魏都区,411002
4110,建安区,411003
4110,鄢陵县,411024
4110,襄城县,411025
4110,许昌经济技术开发区,411071
4110,禹州市,411081
4110,长葛市,411082
4111,源汇区,411102
4111,郾城区,411103
4111,召陵区,411104
4111,舞阳县,411121
4111,临颍县,411122
4111,漯河经济技术开发区,411171
4112,湖滨区,411202
4112,陕州区,411203
4112,渑池县,411221
4112,卢氏县,411224
4112,河南三门峡经济开发区,411271
4112,义马市,411281
4112,灵宝市,411282
4113,宛城区,411302
4113,卧龙区,411303
4113,南召县,411321
4113,方城县,411322
4113,西峡县,411323
4113,镇平县,411324
4113,内乡县,411325
4113,淅川县,411326
4113,社旗县,411327
4113,唐河县,411328
4113,新野县,411329
4113,桐柏县,411330
4113,南阳高新技术产业开发区,411371
4113,南阳市城乡一体化示范区,411372
4113,邓州市,411381
4114,梁园区,411402
4114,睢阳区,411403
4114,民权县,411421
4114,睢县,411422
4114,宁陵县,411423
4114,柘城县,411424
4114,虞城县,411425
4114,夏邑县,411426
4114,豫东综合物流产业聚集区,411471
4114,河南商丘经济开发区,411472
4114,永城市,411481
4115,负忧,411502
4115,平桥区,411503
4115,罗山县,411521
4115,光山县,411522
4115,新县,411523
4115,商城县,411524
4115,固始县,411525
4115,潢川县,411526
4115,淮滨县,411527
4115,息县,411528
4115,信阳高新技术产业开发区,411571
4116,川汇区,411602
4116,扶沟县,411621
4116,西华县,411622
4116,商水县,411623
4116,沈丘县,411624
4116,郸城县,411625
4116,淮阳县,411626
4116,太康县,411627
4116,鹿邑县,411628
4116,河南周口经济开发区,411671
4116,项城市,411681
4117,驿城区,411702
4117,西平县,411721
4117,上蔡县,411722
4117,平舆县,411723
4117,正阳县,411724
4117,确山县,411725
4117,泌阳县,411726
4117,汝南县,411727
4117,遂平县,411728
4117,新蔡县,411729
4117,河南驻马店经济开发区,411771
4190,济源市,419001
4301,芙蓉区,430102
4301,天心区,430103
4301,岳麓区,430104
4301,开福区,430105
4301,雨花区,430111
4301,望城区,430112
4301,长沙县,430121
4301,浏阳市,430181
4301,宁乡市,430182
4302,荷塘区,430202
4302,芦淞区,430203
4302,石峰区,430204
4302,天元区,430211
4302,株洲县,430221
4302,攸县,430223
4302,茶陵县,430224
4302,炎陵县,430225
4302,云龙示范区,430271
4302,醴陵市,430281
4303,雨湖区,430302
4303,岳塘区,430304
4303,湘潭县,430321
4303,湖南湘潭高新技术产业园区,430371
4303,湘潭昭山示范区,430372
4303,湘潭九华示范区,430373
4303,湘乡市,430381
4303,韶山市,430382
4304,珠晖区,430405
4304,雁峰区,430406
4304,石鼓区,430407
4304,蒸湘区,430408
4304,南岳区,430412
4304,衡阳县,430421
4304,衡南县,430422
4304,衡山县,430423
4304,衡东县,430424
4304,祁东县,430426
4304,衡阳综合保税区,430471
4304,湖南衡阳高新技术产业园区,430472
4304,湖南衡阳松木经济开发区,430473
4304,耒阳市,430481
4304,常宁市,430482
4305,双清区,430502
4305,大祥区,430503
4305,北塔区,430511
4305,邵东县,430521
4305,新邵县,430522
4305,邵阳县,430523
4305,隆回县,430524
4305,洞口县,430525
4305,绥宁县,430527
4305,新宁县,430528
4305,城步苗族自治县,430529
4305,武冈市,430581
4306,岳阳楼区,430602
4306,云溪区,430603
4306,君山区,430611
4306,岳阳县,430621
4306,华容县,430623
4306,湘阴县,430624
4306,平江县,430626
4306,岳阳市屈原管理区,430671
4306,汨罗市,430681
4306,临湘市,430682
4307,武陵区,430702
4307,鼎城区,430703
4307,安乡县,430721
4307,汉寿县,430722
4307,澧县,430723
4307,临澧县,430724
4307,桃源县,430725
4307,石门县,430726
4307,常德市西洞庭管理区,430771
4307,津市市,430781
4308,永定区,430802
4308,武陵源区,430811
4308,慈利县,430821
4308,桑植县,430822
4309,资阳区,430902
4309,赫山区,430903
4309,南县,430921
4309,桃江县,430922
4309,安化县,430923
4309,益阳市大通湖管理区,430971
4309,湖南益阳高新技术产业园区,430972
4309,沅江市,430981
4310,北湖区,431002
4310,苏仙区,431003
4310,桂阳县,431021
4310,宜章县,431022
4310,永兴县,431023
4310,嘉禾县,431024
4310,临武县,431025
4310,汝城县,431026
4310,桂东县,431027
4310,安仁县,431028
4310,资兴市,431081
4311,零陵区,431102
4311,冷水滩区,431103
4311,祁阳县,431121
4311,东安县,431122
4311,双牌县,431123
4311,道县,431124
4311,江永县,431125
4311,宁远县,431126
4311,蓝山县,431127
4311,新田县,431128
4311,江华瑶族自治县,431129
4311,永州经济技术开发区,431171
4311,永州市金洞管理区,431172
4311,永州市回龙圩管理区,431173
4312,鹤城区,431202
4312,中方县,431221
4312,沅陵县,431222
4312,辰溪县,431223
4312,溆浦县,431224
4312,会同县,431225
4312,麻阳苗族自治县,431226
4312,新晃侗族自治县,431227
4312,芷江侗族自治县,431228
4312,靖州苗族侗族自治县,431229
4312,通道侗族自治县,431230
4312,怀化市洪江管理区,431271
4312,洪江市,431281
4313,娄星区,431302
4313,双峰县,431321
4313,新化县,431322
4313,冷水江市,431381
4313,涟源市,431382
4331,吉首市,433101
4331,泸溪县,433122
4331,凤凰县,433123
4331,花垣县,433124
4331,保靖县,433125
4331,古丈县,433126
4331,永顺县,433127
4331,龙山县,433130
4331,湖南吉首经济开发区,433172
4331,湖南永顺经济开发区,433173
4501,兴宁区,450102
4501,青秀区,450103
4501,江南区,450105
4501,西乡塘区,450107
4501,良庆区,450108
4501,邕宁区,450109
4501,武鸣区,450110
4501,隆安县,450123
4501,马山县,450124
4501,上林县,450125
4501,宾阳县,450126
4501,横县,450127
4502,城中区,450202
4502,鱼峰区,450203
4502,柳南区,450204
4502,柳北区,450205
4502,柳江区,450206
4502,柳城县,450222
4502,鹿寨县,450223
4502,融安县,450224
4502,融水苗族自治县,450225
4502,三江侗族自治县,450226
4503,秀峰区,450302
4503,叠彩区,450303
4503,象山区,450304
4503,七星区,450305
4503,雁山区,450311
4503,临桂区,450312
4503,阳朔县,450321
4503,灵川县,450323
4503,全州县,450324
4503,兴安县,450325
4503,永福县,450326
4503,灌阳县,450327
4503,龙胜各族自治县,450328
4503,资源县,450329
4503,平乐县,450330
4503,荔浦县,450331
4503,恭城瑶族自治县,450332
4504,万秀区,450403
4504,长洲区,450405
4504,龙圩区,450406
4504,苍梧县,450421
4504,藤县,450422
4504,蒙山县,450423
4504,岑溪市,450481
4505,海城区,450502
4505,银海区,450503
4505,铁山港区,450512
4505,合浦县,450521
4506,港口区,450602
4506,防城区,450603
4506,上思县,450621
4506,东兴市,450681
4507,钦南区,450702
4507,钦北区,450703
4507,灵山县,450721
4507,浦北县,450722
4508,港北区,450802
4508,港南区,450803
4508,覃塘区,450804
4508,平南县,450821
4508,桂平市,450881
4509,玉州区,450902
4509,福绵区,450903
4509,容县,450921
4509,陆川县,450922
4509,博白县,450923
4509,兴业县,450924
4509,北流市,450981
4510,右江区,451002
4510,田阳县,451021
4510,田东县,451022
4510,平果县,451023
4510,德保县,451024
4510,那坡县,451026
4510,凌云县,451027
4510,乐业县,451028
4510,田林县,451029
4510,西林县,451030
4510,隆林各族自治县,451031
4510,靖西市,451081
4511,八步区,451102
4511,平桂区,451103
4511,昭平县,451121
4511,钟山县,451122
4511,富川瑶族自治县,451123
4512,金城江区,451202
4512,宜州区,451203
4512,南丹县,451221
4512,天峨县,451222
4512,凤山县,451223
4512,东兰县,451224
4512,罗城仫佬族自治县,451225
4512,环江毛南族自治县,451226
4512,巴马瑶族自治县,451227
4512,都安瑶族自治县,451228
4512,大化瑶族自治县,451229
4513,兴宾区,451302
4513,忻城县,451321
4513,象州县,451322
4513,武宣县,451323
4513,金秀瑶族自治县,451324
4513,合山市,451381
4514,江州区,451402
4514,扶绥县,451421
4514,宁明县,451422
4514,龙州县,451423
4514,大新县,451424
4514,天等县,451425
4514,凭祥市,451481
5001,万州区,500101
5001,涪陵区,500102
5001,渝中区,500103
5001,大渡口区,500104
5001,江北区,500105
5001,沙坪坝区,500106
5001,九龙坡区,500107
5001,南岸区,500108
5001,北碚区,500109
5001,綦江区,500110
5001,大足区,500111
5001,渝北区,500112
5001,巴南区,500113
5001,黔江区,500114
5001,长寿区,500115
5001,江津区,500116
5001,合川区,500117
5001,永川区,500118
5001,南川区,500119
5001,璧山区,500120
5001,铜梁区,500151
5001,潼南区,500152
5001,荣昌区,500153
5001,开州区,500154
5001,梁平区,500155
5001,武隆区,500156
5002,城口县,500229
5002,丰都县,500230
5002,垫江县,500231
5002,忠县,500233
5002,云阳县,500235
5002,奉节县,500236
5002,巫山县,500237
5002,巫溪县,500238
5002,石柱土家族自治县,500240
5002,秀山土家族苗族自治县,500241
5002,酉阳土家族苗族自治县,500242
5002,彭水苗族土家族自治县,500243
5201,南明区,520102
5201,云岩区,520103
5201,花溪区,520111
5201,乌当区,520112
5201,白云区,520113
5201,观山湖区,520115
5201,开阳县,520121
5201,息烽县,520122
5201,修文县,520123
5201,清镇市,520181
5202,钟山区,520201
5202,六枝特区,520203
5202,水城县,520221
5202,盘州市,520281
5203,红花岗区,520302
5203,汇川区,520303
5203,播州区,520304
5203,桐梓县,520322
5203,绥阳县,520323
5203,正安县,520324
5203,道真仡佬族苗族自治县,520325
5203,务川仡佬族苗族自治县,520326
5203,凤冈县,520327
5203,湄潭县,520328
5203,余庆县,520329
5203,习水县,520330
5203,赤水市,520381
5203,仁怀市,520382
5204,西秀区,520402
5204,平坝区,520403
5204,普定县,520422
5204,镇宁布依族苗族自治县,520423
5204,关岭布依族苗族自治县,520424
5204,紫云苗族布依族自治县,520425
5205,七星关区,520502
5205,大方县,520521
5205,黔西县,520522
5205,金沙县,520523
5205,织金县,520524
5205,纳雍县,520525
5205,威宁彝族回族苗族自治县,520526
5205,赫章县,520527
5206,碧江区,520602
5206,万山区,520603
5206,江口县,520621
5206,玉屏侗族自治县,520622
5206,石阡县,520623
5206,思南县,520624
5206,印江土家族苗族自治县,520625
5206,德江县,520626
5206,沿河土家族自治县,520627
5206,松桃苗族自治县,520628
5223,兴义市,522301
5223,兴仁县,522322
5223,普安县,522323
5223,晴隆县,522324
5223,贞丰县,522325
5223,望谟县,522326
5223,册亨县,522327
5223,安龙县,522328
5226,凯里市,522601
5226,黄平县,522622
5226,施秉县,522623
5226,三穗县,522624
5226,镇远县,522625
5226,岑巩县,522626
5226,天柱县,522627
5226,锦屏县,522628
5226,剑河县,522629
5226,台江县,522630
5226,黎平县,522631
5226,榕江县,522632
5226,从江县,522633
5226,雷山县,522634
5226,麻江县,522635
5226,丹寨县,522636
5227,都匀市,522701
5227,福泉市,522702
5227,荔波县,522722
5227,贵定县,522723
5227,瓮安县,522725
5227,独山县,522726
5227,平塘县,522727
5227,罗甸县,522728
5227,长顺县,522729
5227,龙里县,522730
5227,惠水县,522731
5227,三都水族自治县,522732
5401,城关区,540102
5401,堆龙德庆区,540103
5401,林周县,540121
5401,当雄县,540122
5401,尼木县,540123
5401,曲水县,540124
5401,达孜县,540126
5401,墨竹工卡县,540127
5401,格尔木藏青工业园区,540171
5401,拉萨经济技术开发区,540172
5401,西藏文化旅游创意园区,540173
5401,达孜工业园区,540174
5402,桑珠孜区,540202
5402,南木林县,540221
5402,江孜县,540222
5402,定日县,540223
5402,萨迦县,540224
5402,拉孜县,540225
5402,昂仁县,540226
5402,谢通门县,540227
5402,白朗县,540228
5402,仁布县,540229
5402,康马县,540230
5402,定结县,540231
5402,仲巴县,540232
5402,亚东县,540233
5402,吉隆县,540234
5402,聂拉木县,540235
5402,萨嘎县,540236
5402,岗巴县,540237
5403,卡若区,540302
5403,江达县,540321
5403,贡觉县,540322
5403,类乌齐县,540323
5403,丁青县,540324
5403,察雅县,540325
5403,八宿县,540326
5403,左贡县,540327
5403,芒康县,540328
5403,洛隆县,540329
5403,边坝县,540330
5404,巴宜区,540402
5404,工布江达县,540421
5404,米林县,540422
5404,墨脱县,540423
5404,波密县,540424
5404,察隅县,540425
5404,朗县,540426
5405,乃东区,540502
5405,扎囊县,540521
5405,贡嘎县,540522
5405,桑日县,540523
5405,琼结县,540524
5405,曲松县,540525
5405,措美县,540526
5405,洛扎县,540527
5405,加查县,540528
5405,隆子县,540529
5405,错那县,540530
5405,浪卡子县,540531
5424,那曲县,542421
5424,嘉黎县,542422
5424,比如县,542423
5424,聂荣县,542424
5424,安多县,542425
5424,申扎县,542426
5424,索县,542427
5424,班戈县,542428
5424,巴青县,542429
5424,尼玛县,542430
5424,双湖县,542431
5425,普兰县,542521
5425,札达县,542522
5425,噶尔县,542523
5425,日土县,542524
5425,革吉县,542525
5425,改则县,542526
5425,措勤县,542527
6201,城关区,620102
6201,七里河区,620103
6201,西固区,620104
6201,安宁区,620105
6201,红古区,620111
6201,永登县,620121
6201,皋兰县,620122
6201,榆中县,620123
6201,兰州新区,620171
6202,嘉峪关市,620201
6203,金川区,620302
6203,永昌县,620321
6204,白银区,620402
6204,平川区,620403
6204,靖远县,620421
6204,会宁县,620422
6204,景泰县,620423
6205,秦州区,620502
6205,麦积区,620503
6205,清水县,620521
6205,秦安县,620522
6205,甘谷县,620523
6205,武山县,620524
6205,张家川回族自治县,620525
6206,凉州区,620602
6206,民勤县,620621
6206,古浪县,620622
6206,天祝藏族自治县,620623
6207,甘州区,620702
6207,肃南裕固族自治县,620721
6207,民乐县,620722
6207,临泽县,620723
6207,高台县,620724
6207,山丹县,620725
6208,崆峒区,620802
6208,泾川县,620821
6208,灵台县,620822
6208,崇信县,620823
6208,华亭县,620824
6208,庄浪县,620825
6208,静宁县,620826
6208,平凉工业园区,620871
6209,肃州区,620902
6209,金塔县,620921
6209,瓜州县,620922
6209,肃北蒙古族自治县,620923
6209,阿克塞哈萨克族自治县,620924
6209,玉门市,620981
6209,敦煌市,620982
6210,西峰区,621002
6210,庆城县,621021
6210,环县,621022
6210,华池县,621023
6210,合水县,621024
6210,正宁县,621025
6210,宁县,621026
6210,镇原县,621027
6211,安定区,621102
6211,通渭县,621121
6211,陇西县,621122
6211,渭源县,621123
6211,临洮县,621124
6211,漳县,621125
6211,岷县,621126
6212,武都区,621202
6212,成县,621221
6212,文县,621222
6212,宕昌县,621223
6212,康县,621224
6212,西和县,621225
6212,礼县,621226
6212,徽县,621227
6212,两当县,621228
6229,临夏市,622901
6229,临夏县,622921
6229,康乐县,622922
6229,永靖县,622923
6229,广河县,622924
6229,和政县,622925
6229,东乡族自治县,622926
6229,积石山保安族东乡族撒拉族自治县,622927
6230,合作市,623001
6230,临潭县,623021
6230,卓尼县,623022
6230,舟曲县,623023
6230,迭部县,623024
6230,玛曲县,623025
6230,碌曲县,623026
6230,夏河县,623027
6401,兴庆区,640104
6401,西夏区,640105
6401,金凤区,640106
6401,永宁县,640121
6401,贺兰县,640122
6401,灵武市,640181
6402,大武口区,640202
6402,惠农区,640205
6402,平罗县,640221
6403,利通区,640302
6403,红寺堡区,640303
6403,盐池县,640323
6403,同心县,640324
6403,青铜峡市,640381
6404,原州区,640402
6404,西吉县,640422
6404,隆德县,640423
6404,泾源县,640424
6404,彭阳县,640425
6405,沙坡头区,640502
6405,中宁县,640521
6405,海原县,640522
1301,石家庄市,
1302,唐山市,
1303,秦皇岛市,
1304,邯郸市,
1305,邢台市,
1306,保定市,
1307,张家口市,
1308,承德市,
1309,沧州市,
1310,廊坊市,
1311,衡水市,
1501,呼和浩特市,
1502,包头市,
1503,乌海市,
1504,赤峰市,
1505,通辽市,
1506,鄂尔多斯市,
1507,呼伦贝尔市,
1508,巴彦淖尔市,
1509,乌兰察布市,
2201,长春市,
2202,吉林市,
2203,四平市,
2204,辽源市,
2205,通化市,
2206,白山市,
2207,松原市,
2208,白城市,
3301,杭州市,
3302,宁波市,
3303,温州市,
3304,嘉兴市,
3305,湖州市,
3306,绍兴市,
3307,金华市,
3308,衢州市,
3309,舟山市,
3310,台州市,
3311,丽水市,
3501,福州市,
3502,厦门市,
3503,莆田市,
3504,三明市,
3505,泉州市,
3505,金门县,
3506,漳州市,
3507,南平市,
3508,龙岩市,
3509,宁德市,
3701,济南市,
3702,青岛市,
3703,淄博市,
3704,枣庄市,
3705,东营市,
3706,烟台市,
3707,潍坊市,
3708,济宁市,
3709,泰安市,
3710,威海市,
3711,日照市,
3712,莱芜市,
3713,临沂市,
3714,德州市,
3715,聊城市,
3716,滨州市,
3717,菏泽市,
4201,武汉市,
4202,黄石市,
4203,十堰市,
4205,宜昌市,
4206,襄阳市,
4207,鄂州市,
4208,荆门市,
4209,孝感市,
4210,荆州市,
4211,黄冈市,
4212,咸宁市,
4213,随州市,
4401,广州市,
4402,韶关市,
4403,深圳市,
4404,珠海市,
4405,汕头市,
4406,佛山市,
4407,江门市,
4408,湛江市,
4409,茂名市,
4412,肇庆市,
4413,惠州市,
4414,梅州市,
4415,汕尾市,
4416,河源市,
4417,阳江市,
4418,清远市,
4451,潮州市,
4452,揭阳市,
4453,云浮市,
4601,海口市,
4602,三亚市,
5101,成都市,
5103,自贡市,
5104,攀枝花市,
5105,泸州市,
5106,德阳市,
5107,绵阳市,
5108,广元市,
5109,遂宁市,
5110,内江市,
5111,乐山市,
5113,南充市,
5114,眉山市,
5115,宜宾市,
5116,广安市,
5117,达州市,
5118,雅安市,
5119,巴中市,
5120,资阳市,
5301,昆明市,
5303,曲靖市,
5304,玉溪市,
5305,保山市,
5306,昭通市,
5307,丽江市,
5308,普洱市,
5309,临沧市,
6101,西安市,
6102,铜川市,
6103,宝鸡市,
6104,咸阳市,
6105,渭南市,
6106,延安市,
6107,汉中市,
6108,榆林市,
6109,安康市,
6110,商洛市,
6301,西宁市,
6501,乌鲁木齐市,
6502,克拉玛依市,
1401,太原市,
1402,大同市,
1403,阳泉市,
1404,长治市,
1405,晋城市,
1406,朔州市,
1407,晋中市,
1408,运城市,
1409,忻州市,
1410,临汾市,
1411,吕梁市,
2101,沈阳市,
2102,大连市,
2103,鞍山市,
2104,抚顺市,
2105,本溪市,
2106,丹东市,
2107,锦州市,
2108,营口市,
2109,阜新市,
2110,辽阳市,
2111,盘锦市,
2112,铁岭市,
2113,朝阳市,
2114,葫芦岛市,
2301,哈尔滨市,
2302,齐齐哈尔市,
2303,鸡西市,
2304,鹤岗市,
2305,双鸭山市,
2306,大庆市,
2307,伊春市,
2308,佳木斯市,
2309,七台河市,
2310,牡丹江市,
2311,黑河市,
2312,绥化市,
3201,南京市,
3202,无锡市,
3203,徐州市,
3204,常州市,
3205,苏州市,
3206,南通市,
3207,连云港市,
3208,淮安市,
3209,盐城市,
3210,扬州市,
3211,镇江市,
3212,泰州市,
3213,宿迁市,
3401,合肥市,
3402,芜湖市,
3403,蚌埠市,
3404,淮南市,
3405,马鞍山市,
3406,淮北市,
3407,铜陵市,
3408,安庆市,
3410,黄山市,
3411,滁州市,
3412,阜阳市,
3413,宿州市,
3415,六安市,
3416,亳州市,
3417,池州市,
3418,宣城市,
3601,南昌市,
3602,景德镇市,
3603,萍乡市,
3604,九江市,
3605,新余市,
3606,鹰潭市,
3607,赣州市,
3608,吉安市,
3609,宜春市,
3610,抚州市,
3611,上饶市,
4101,郑州市,
4102,开封市,
4103,洛阳市,
4104,平顶山市,
4105,安阳市,
4106,鹤壁市,
4107,新乡市,
4108,焦作市,
4109,濮阳市,
4110,许昌市,
4111,漯河市,
4112,三门峡市,
4113,南阳市,
4114,商丘市,
4115,信阳市,
4116,周口市,
4117,驻马店市,
4301,长沙市,
4302,株洲市,
4303,湘潭市,
4304,衡阳市,
4305,邵阳市,
4306,岳阳市,
4307,常德市,
4308,张家界市,
4309,益阳市,
4310,郴州市,
4311,永州市,
4312,怀化市,
4313,娄底市,
4501,南宁市,
4502,柳州市,
4503,桂林市,
4504,梧州市,
4505,北海市,
4506,防城港市,
4507,钦州市,
4508,贵港市,
4509,玉林市,
4510,百色市,
4511,贺州市,
4512,河池市,
4513,来宾市,
4514,崇左市,
5201,贵阳市,
5203,遵义市,
5204,安顺市,
5205,毕节市,
5206,铜仁市,
5401,拉萨市,
5405,山南市,
6201,兰州市,
6203,金昌市,
6204,白银市,
6205,天水市,
6206,武威市,
6207,张掖市,
6208,平凉市,
6209,酒泉市,
6210,庆阳市,
6211,定西市,
6212,陇南市,
6401,银川市,
6402,石嘴山市,
6403,吴忠市,
6404,固原市,
6405,中卫市,
4419,东莞市,441900
4420,中山市,442000
4604,儋州市,460400
